"Date","Standardized_score","None","Policy","Growth","Global","Prices","Other","Finance"
"1994-02-04",-0.946576239678795,-0.315525413226265,-0.552169473145964,-0.0788813533065662,0,0,0,0
"1994-03-22",0.229568323908811,0.114784161954405,0.114784161954405,0,0,0,0,0
"1994-05-17",1.21545420809254,0,0.60772710404627,0.60772710404627,0.60772710404627,-0.60772710404627,0,0
"1994-08-16",0.71386314420959,0.237954381403196,0.237954381403196,0.237954381403196,0,0,0,0
"1994-11-15",0.921418067195638,0,0.307139355731879,0.307139355731879,0.307139355731879,0,0,0
"1995-02-01",1.42300913107859,0,0.474336377026196,0.474336377026196,0.474336377026196,0,0,0
"1995-07-06",-1.77679593162299,-1.18453062108199,-0.296132655270498,0,0,-0.296132655270498,0,0
"1995-12-19",-2.8318667901354,-1.8879111934236,-0.4719777983559,0,0,-0.4719777983559,0,0
"1996-01-31",-1.01576121400748,-0.677174142671652,-0.338587071335826,0,0,0,0,0
"1997-03-25",-1.39627857281523,0,-0.279255714563046,-0.139627857281523,0,-0.744681905501457,-0.232713095469205,0
"1998-09-29",-4.59608363551681,0,0,-1.5320278785056,-0.766013939252801,-0.766013939252801,0,-1.5320278785056
"1998-11-17",-1.25790862415787,-0.838605749438578,0,0,0,-0.209651437359645,0,-0.209651437359645
"1999-05-18",0.0393096445049334,0,0.0174709531133037,0.00436773827832593,0,0.0131032148349778,0,0.00436773827832593
"1999-06-30",2.37430252809797,0,0.791434176032658,1.31905696005443,0,0.263811392010886,0,0
"1999-08-24",1.38841664391425,0,0.462805547971415,0.231402773985708,0,0.154268515990472,0.154268515990472,0.385671289976179
"1999-10-05",0.817640605702614,0,0,0.545093737135076,0,0.272546868567538,0,0
"1999-11-16",0.592789439134395,0.197596479711465,0.0987982398557325,0.197596479711465,0,0.0987982398557325,-0.0987982398557325,0.0987982398557325
"1999-12-21",1.61326781048246,0.806633905241232,0,0.806633905241232,0,0,0,0
"2000-02-02",1.69974902839332,0.849874514196659,0,0.849874514196659,0,0,0,0
"2000-03-21",1.52678659257161,1.01785772838107,0,0.508928864190537,0,0,0,0
"2000-05-16",0.696566900627419,0.34828345031371,0,0.34828345031371,0,0,0,0
"2000-06-28",1.83811897705068,0,0,1.37858923278801,0,0.459529744262671,0,0
"2000-08-22",1.42300913107859,0,0,0.948672754052391,0,0.237168188513098,0.237168188513098,0
"2000-10-03",1.26734293883905,0.25346858776781,0,0.591426704791557,0,0.549181940163589,-0.126734293883905,0
"2000-11-15",1.33652791316773,0,0,0.668263956583867,0,0.445509304389245,0,0.222754652194622
"2000-12-19",-0.617947611617552,0,0,-0.308973805808776,0,-0.102991268602925,-0.137321691470567,-0.0686608457352836
"2001-01-31",-0.462281419378016,-0.115570354844504,-0.0481543145185434,-0.173355532266756,0,-0.0770469032296694,-0.0481543145185434,0
"2001-03-20",-0.894687508932283,-0.255625002552081,0,-0.521901046877165,-0.0639062506380202,-0.0426041670920135,0.0213020835460067,-0.0319531253190101
"2001-05-15",-1.25790862415787,-0.251581724831573,0,-0.691849743286827,0,-0.167721149887716,-0.0838605749438578,-0.0628954312078934
"2001-06-27",-2.07083207251989,-1.03541603625994,0,-0.46018490500442,0,-0.46018490500442,-0.115046226251105,0
"2001-08-21",-1.50005603430826,-0.750028017154128,0,-0.333345785401835,0,-0.333345785401835,-0.0833364463504587,0
"2001-10-02",0.402530759730518,0.134176919910172,0,0.156539739895201,0,0.0223628199850288,0.089451279940115,0
"2001-11-06",-0.168245278481115,-0.0672981113924459,0,-0.0616899354430754,0,-0.011216351898741,-0.0280408797468525,0
"2001-12-11",-1.22331613699353,-0.407772045664509,0,-0.577677064691387,0,-0.169905019026879,-0.0679620076107514,0
"2002-01-30",-0.756317560274918,0,-0.189079390068729,-0.441185243493702,0,-0.0630264633562431,-0.0630264633562431,0
"2002-03-19",0.610085682716566,0.152521420679141,0.0762607103395707,0.381303551697854,0,0.0762607103395707,-0.0762607103395707,0
"2002-05-07",0.73115938779176,0,0.121859897965293,0.609299489826467,0,0.121859897965293,-0.121859897965293,0
"2002-06-26",0.696566900627419,0,0.0870708625784274,0.609496038048992,0,0.0870708625784274,-0.0870708625784274,0
"2002-08-13",-0.998464970425307,0,-0.332821656808436,-0.443762209077914,0,-0.110940552269479,0.0554702761347393,-0.166410828404218
"2002-09-24",-0.790910047439259,-0.197727511859815,-0.197727511859815,-0.263636682479753,0,-0.0659091706199383,-0.0659091706199383,0
"2002-11-06",-0.911983752514454,-0.455991876257227,-0.0569989845321534,-0.626988829853687,0.113997969064307,0,0.113997969064307,0
"2002-12-10",-1.17142740624701,0,-0.146428425780877,-1.02499898046614,0,0,0,0
"2003-01-29",0.333345785401835,0,-0.333345785401835,1.0000373562055,0,0,-0.333345785401835,0
"2003-03-18",-0.237430252809797,0,0.0197858544008165,-0.227537325609389,0,-0.0296787816012247,0,0
"2003-05-06",-0.617947611617552,0,-0.102991268602925,-0.205982537205851,0,-0.137321691470567,-0.137321691470567,-0.0343304228676418
"2003-06-25",-0.946576239678795,-0.420700550968353,-0.0788813533065662,-0.236644059919699,0,-0.157762706613132,0,-0.0525875688710442
"2003-08-12",-0.358503957884992,0,-0.0179251978942496,-0.125476385259747,0,-0.143401583153997,-0.0717007915769984,0
"2003-09-16",-0.635243855199723,0,-0.0264684939666551,-0.291153433633206,0,-0.211747951733241,-0.10587397586662,0
"2003-10-28",0.00471715734059201,0,0.000196548222524667,0.00216203044777134,0,0.00157238578019734,0.000786192890098669,0
"2003-12-09",-0.30661522713848,0,-0.0127756344641033,-0.166083248033343,0,-0.127756344641033,0,0
"2004-01-28",-0.756317560274918,0,-0.0270113414383899,-0.459192804452629,0,-0.270113414383899,0,0
"2004-03-16",-1.17142740624701,-0.167346772321002,-0.0418366930802505,-0.543877010043257,0,-0.418366930802505,0,0
"2004-05-04",0.00471715734059201,0,0.000235857867029601,0.00306615227138481,0,0.0014151472021776,0,0
"2004-06-30",0.281457054655323,0.0804163013300922,0.0100520376662615,0.0904683389963538,0,0.100520376662615,0,0
"2004-08-10",0.0220134009227627,0.00733780030758756,0.00061148335896563,0.00550335023069067,0,0.00856076702551882,0,0
"2004-09-21",-0.289318983556309,-0.0826625667303741,-0.0103328208412968,-0.134326670936858,0,-0.0619969250477806,0,0
"2004-11-10",0.194975836744469,0.0649919455814898,0.00812399319768623,0.073115938779176,0,0.0487439591861174,0,0
"2004-12-14",0.108494618833616,0.0361648729445387,0.00452060911806734,0.040685482062606,0,0.027123654708404,0,0
"2005-02-02",0.143087105997957,0.0476957019993191,0.00596196274991489,0.053657664749234,0,0.0357717764994893,0,0
"2005-03-22",1.19815796451037,0.342330847002962,0.0998464970425307,0.332142428937398,0,0.423838191527477,0,0
"2005-05-03",0.385234516148347,0.110067004613813,0.0321028763456956,0.142169880959509,0,0.100894754229329,0,0
"2005-06-30",0.869529336449126,0.289843112149709,0.0845375743769983,0.30191990848928,0,0.193228741433139,0,0
"2005-08-09",0.765751874956102,0.255250624985367,0.0744480989540654,0.247653880194136,0,0.188399270822533,0,0
"2005-09-20",0.783048118538272,0.174010693008505,0.0290017821680842,0.272616752379991,0,0.263916217729566,0.0435026732521262,0
"2005-11-01",0.385234516148347,0.110067004613813,0.0321028763456956,0.0871363786526023,0,0.155928256536236,0,0
"2005-12-13",0.852233092866955,0.284077697622318,0,0.284077697622318,0,0.426116546433478,-0.142038848811159,0
"2006-01-31",0.852233092866955,0.284077697622318,0,0.284077697622318,0,0.426116546433478,-0.142038848811159,0
"2006-03-28",-0.0125790862415787,-0.00359402464045105,0,-0.00599004106741842,0,-0.00479203285393473,0.00179701232022552,0
"2006-05-10",0.506308221223542,0.144659491778155,0.0180824364722693,0.150686970602245,0,0.174796885898604,0.0180824364722693,0
"2006-06-29",0.679270657045248,0.226423552348416,0.028302944043552,0.084908832130656,0,0.311332384479072,0.028302944043552,0
"2006-08-08",0.143087105997957,0.0357717764994893,0.0178858882497447,0.0178858882497447,0,0.0626006088741063,0.00894294412487234,0
"2006-09-20",-0.773613803857088,-0.257871267952363,-0.0515742535904726,-0.0515742535904726,0,-0.41259402872378,0,0
"2006-10-25",-0.981168726843136,-0.392467490737255,-0.0392467490737255,-0.137363621758039,0,-0.313973992589804,-0.0981168726843136,0
"2006-12-12",-0.963872483260966,-0.385548993304386,-0.0385548993304386,-0.134942147656535,0,-0.308439194643509,-0.0963872483260966,0
"2007-01-31",-0.341207714302821,-0.0853019285757054,0,-0.0426509642878527,0,-0.170603857151411,-0.0426509642878527,0
"2007-03-21",1.23275045167471,0.308187612918678,0,0,0,0.693422129067024,0.231140709689008,0
"2007-05-09",1.00789928510649,0.201579857021298,0,0.100789928510649,0,0.453554678297921,0.251974821276623,0
"2007-06-28",0.056605888087104,0.0226423552348416,0,0.0056605888087104,0,0.014151472021776,0.014151472021776,0
"2007-08-07",-0.462281419378016,-0.0770469032296694,0,0.115570354844504,-0.0385234516148347,-0.154093806459339,-0.269664161303843,-0.0385234516148347
"2007-09-18",-0.929279996096624,-0.185855999219325,0,-0.232319999024156,-0.0929279996096624,-0.232319999024156,0.0154879999349437,-0.201343999154269
"2007-10-31",-0.514170150124528,-0.102834030024906,-0.0342780100083019,-0.0856950250207547,-0.0514170150124528,-0.154251045037358,-0.0114260033361006,-0.0742690216846541
"2007-12-11",-0.669836342364064,-0.191381812104018,-0.0318969686840031,-0.153105449683215,-0.0478454530260046,-0.133967268472813,-0.0127587874736012,-0.0988806029204095
"2008-01-30",-1.74220344445865,-0.348440688891729,-0.209064413335038,-0.278752551113383,-0.174220344445865,-0.348440688891729,0.0232293792594486,-0.406514137040351
"2008-03-18",-2.5378306492385,-0.725094471210999,-0.10876417068165,-0.688839747650449,-0.18127361780275,-0.833858641892649,0.338377419898466,-0.338377419898466
"2008-04-30",-1.79409217520516,-0.398687150045591,-0.598030725068386,-0.0498358937556988,0,-0.498358937556988,-0.348851256289892,0.0996717875113977
"2008-06-25",0.350642028984005,0.0876605072460014,0.0219151268115003,0,0,0.270286564008504,-0.0292201690820005,0
"2008-08-05",1.25004669525688,0.15625583690711,0.15625583690711,0.234383755360665,0.0390639592267775,0.429703551494553,0.0390639592267775,0.195319796133888
"2008-09-16",-1.05035370117182,0,-0.150050528738831,-0.262588425292955,-0.0375126321847078,-0.375126321847078,-0.0375126321847078,-0.187563160923539
"2008-10-29",-2.76268181580672,-0.690670453951679,-0.239078234060197,-1.40790515613227,0,-0.17266761348792,0,-0.252360358174652
"2008-12-16",-1.08494618833616,-0.180824364722693,0,-0.40039680760025,-0.169865312315257,-0.0904121823613467,-0.0164385786111539,-0.227008942725459
"2009-01-28",-0.289318983556309,-0.0482198305927182,-0.0107155179094929,-0.109717585551547,-0.0191306936590676,-0.04391032882477,-0.00329036283633887,-0.0543346641823745
"2009-03-18",-2.48594191849199,0,-0.155371369905749,-0.504956952193685,-0.466114109717247,-0.466114109717247,-0.194214212382186,-0.699171164575871
"2009-04-29",-1.37898232923306,-0.153220258803674,-0.357513937208572,-0.331977227407959,-0.0306440517607347,-0.331977227407959,-0.0817174713619592,-0.0919321552822041
"2009-06-24",0.281457054655323,0,0.00781825151820341,0.0807885990214352,0.00625460121456273,0.101637269736644,0.0166789365721673,0.0682793965923098
"2009-08-12",-0.289318983556309,0,-0.00803663843211971,-0.0562564690248379,-0.00642931074569576,-0.104476299617556,-0.0144659491778155,-0.0996543165582844
"2009-09-23",-1.05035370117182,0,0.0477433500532645,-0.311012327485136,-0.0552817737458852,-0.36074498379062,-0.101349918534123,-0.269708047669319
"2009-11-04",-0.929279996096624,-0.0844799996451477,-0.0241371427557565,-0.381668569825399,-0.0168959999290295,-0.164434285023591,-0.0802559996628903,-0.17740799925481
"2009-12-16",-1.51735227789043,-0.151735227789043,-0.0433529222254408,-0.700691605468687,-0.0303470455578085,-0.295341782660815,-0.0606940911156171,-0.235189603073016
"2010-01-27",-1.94975836744469,-0.149981412880361,-0.0428518322515317,-0.761334219668881,-0.198725372066478,-0.310675783823605,-0.0599925651521444,-0.426197181601693
"2010-03-16",-1.27520486774004,0,-0.0331222043568841,-0.441629391425121,-0.061828114799517,-0.24013598158741,-0.235719687673159,-0.262769487897947
"2010-04-28",-1.39627857281523,0,-0.0997341837725166,-0.568182622704034,-0.0423114719034919,-0.262935575400271,-0.222135227493332,-0.200979491541586
"2010-06-23",-1.93246212386252,0,-0.126530258110046,-0.720839046202687,0,-0.494618281702908,-0.295237268923441,-0.295237268923441
"2010-08-10",-1.75949968804082,-0.319909034189239,-0.0457012905984628,-0.621468307759399,0,-0.34587567657473,-0.213272689459493,-0.213272689459493
"2010-09-21",-1.84598090595167,-0.167816445995606,-0.0479475559987447,-0.793132488812568,0,-0.389573892489801,-0.223755261327475,-0.223755261327475
"2010-11-03",-0.894687508932283,0,-0.0196634617347755,-0.296590547832863,0,-0.406378209185359,-0.022940705357238,-0.149114584822047
"2010-12-14",-0.704428829528406,-0.0541868330406466,-0.0154819522973276,-0.260612863671681,0,-0.265773514437457,-0.0451556942005388,-0.0632179718807543
"2011-01-26",-0.8255025346036,0,-0.02358578670296,-0.286960404886013,0,-0.322339084940453,-0.10318781682545,-0.0894294412487234
"2011-03-15",0.367938272566176,0,0.00876043506109943,0.137246815957224,0,0.181048991262722,0.015330761356924,0.0255512689282067
"2011-04-27",1.66515654122898,0,0.118939752944927,0.338520835304792,0.0320222411774803,0.905771964734443,0.0320222411774803,0.237879505889854
"2011-06-22",-0.427688932213675,0,-0.0305492094438339,-0.114559535414377,-0.00763730236095848,-0.206207163745879,-0.00763730236095848,-0.0610984188876678
"2011-08-09",-0.444985175795846,-0.0404531977996223,-0.0202265988998112,-0.171926090648395,-0.00449479975551359,-0.197771189242598,-0.0101132994499056,0
"2011-09-21",-0.894687508932283,-0.0526286769960167,-0.0526286769960167,-0.385943631304122,0,-0.25437193881408,-0.0263143384980083,-0.122800246324039
"2011-11-02",-0.531466393706699,-0.0379618852647642,-0.0189809426323821,-0.253079235098428,0,-0.1771554645689,-0.0126539617549214,-0.0316349043873035
"2011-12-13",-1.08494618833616,-0.0904121823613467,-0.0452060911806733,-0.421923517686285,-0.0904121823613467,-0.331511335324938,-0.0301373941204489,-0.0753434853011222
"2012-01-25",-1.55194476505477,-0.119380366542675,-0.0994836387855621,-0.646643652106154,-0.119380366542675,-0.437728010656473,-0.0298450916356686,-0.0994836387855621
"2012-03-13",-0.237430252809797,-0.0316573670413063,-0.0131905696005443,-0.0896958732837013,0,-0.0738671897630481,-0.0158286835206532,-0.0131905696005443
"2012-04-25",-0.0125790862415787,-0.00157238578019733,-0.000655160741748889,-0.00524128593399111,0,-0.00366890015379378,-0.000786192890098667,-0.000655160741748889
"2012-06-20",-1.18872364982918,-0.148590456228648,-0.099060304152432,-0.445771368685944,0,-0.272415836419188,-0.074295228114324,-0.148590456228648
"2012-08-01",-1.1195386755005,-0.0746359117000335,-0.0621965930833612,-0.603306952908604,0,-0.267445350258453,-0.0746359117000335,-0.0373179558500167
"2012-09-13",-0.635243855199723,-0.0794054818999654,-0.0330856174583189,-0.264684939666551,0,-0.165428087291595,-0.0397027409499827,-0.0529369879333103
"2012-10-24",0.558196951970054,0,0.134380747696494,0.29386559111651,0,0.0546383259864867,0.0132904036183346,0.0620218835522282
"2012-12-12",-0.704428829528406,-0.0414369899722591,-0.0448900724699474,-0.245168857335867,0,-0.296965094801191,-0.0207184949861296,-0.0552493199630122
"2013-01-30",-0.0644678169880907,0,-0.00436500844190197,-0.0221608120896562,0,-0.0325696783741917,0.000671539760292611,-0.0060438578426335
"2013-03-20",0.783048118538272,0,0.0563557358038908,0.450422159094255,0,0.224999215878692,-0.0466100070558495,0.0978810148172841
"2013-05-01",0.0911983752514454,0,0.00548879110309625,0.0384215377216737,0,0.0384215377216737,-0.00126664410071452,0.0101331528057162
"2013-06-19",0.108494618833616,0,0.00652976872609726,0.0457083810826808,0,0.0457083810826808,-0.00150686970602245,0.0120549576481796
"2013-07-31",0.0911983752514454,0,0.00688458322976597,0.0425592417840078,0,0.0353170178669813,-0.00429168824712684,0.0107292206178171
"2013-09-18",0.246864567490981,0.0137146981939434,0.0141718548004082,0.117946404467913,0,0.0971457788737658,-0.0109717585551547,0.0148575897101054
"2013-10-30",-0.427688932213675,-0.023760496234093,-0.0198004135284109,-0.215824507459679,0,-0.168303514991492,0.0178203721755698,-0.0178203721755698
"2013-12-18",-0.237430252809797,0,-0.0088565253032226,-0.128513835251017,0,-0.0851733922778004,-0.00471091771448011,-0.010175582263277
"2014-01-29",-0.0298753298237493,0,-0.00117011708476352,-0.0166057041603673,0,-0.00975927440909145,-0.000995844327458311,-0.00134438984206872
"2014-03-19",-0.462281419378016,0,-0.0129763205439443,-0.282640481847787,0,-0.138684425813405,-0.0060826502549739,-0.021897540917906
"2014-04-30",-0.30661522713848,0,-0.00860674321792225,-0.196879251109971,0,-0.0866053536303426,0,-0.0145238791802438
"2014-06-18",0.160383349580128,0,0.00503163449663147,0.0946576239678795,0,0.0506308221223542,0.00157238578019733,0.0084908832130656
"2014-07-30",-0.0644678169880907,0,-0.00214892723293636,-0.0370689947681521,0,-0.0216235802814221,0,-0.0036263147055801
"2014-09-17",0.125790862415787,0,0.00372713666417146,0.0677872980796184,0,0.0444926939285468,0,0.00978373374345008
"2014-10-29",-0.358503957884992,-0.0179251978942496,0,-0.137426517189247,0,-0.176264445960121,-0.0089625989471248,-0.0179251978942496
"2014-12-17",-0.272022739974139,-0.0129534638082923,0,-0.138170280621785,0,-0.101468799831623,-0.00647673190414616,-0.0129534638082923
"2015-01-28",-0.427688932213675,0,-0.00594012405852326,-0.188132214824944,-0.00594012405852326,-0.174597217863023,0.000381865118047924,-0.0534611165267094
"2015-03-18",-0.479577662960187,-0.0479577662960187,0,-0.195827545708743,-0.00599472078700234,-0.199824026233411,-0.00599472078700234,-0.0239788831480093
"2015-04-29",-1.20601989341136,0,0,-0.477382874475328,-0.00628135361151748,-0.590447239482643,-0.0565321825036573,-0.0753762433382097
"2015-06-17",-0.946576239678795,0,0,-0.417607164564174,0.00928015921253721,-0.46400796062686,-0.0185603184250744,-0.0556809552752232
"2015-07-29",-0.56605888087104,0,0,-0.2653401004083,0.00589644667574,-0.25944365373256,-0.01179289335148,-0.03537868005444
"2015-09-17",0.316049541819664,0.0175583078788702,0,0.137540078384483,0.00292638464647837,0.134613693738005,0.00585276929295674,0.0175583078788702
"2015-10-28",0.281457054655323,0.0312730060728136,0.00156365030364068,0.116231339237291,-0.00260608383940114,0.11466768893365,0.00469095091092205,0.0156365030364068
"2015-12-16",0.644678169880907,0.0402923856175567,0.0443216241793124,0.299506733090505,-0.0402923856175567,0.248469711308266,0.012087715685267,0.0402923856175567
"2016-01-27",0.0393096445049334,0.00280783175035238,0.00187188783356826,0.0191868502940746,-0.00140391587517619,0.0131032148349778,0.000935943916784128,0.00280783175035238
"2016-03-16",0.610085682716566,0.0813447576955421,0.0271149192318474,0.223698083662741,-0.00677872980796184,0.223698083662741,0.0203361894238855,0.040672378847771
"2016-04-27",0.523604464805712,0.0698139286407616,0.0232713095469205,0.226895268082475,0.00581782738673013,0.139627857281523,0.0232713095469205,0.0349069643203808
"2016-06-15",0.661974413463078,0.0472838866759341,0.0315225911172894,0.323106558952217,0.00788064777932235,0.189135546703736,0.0157612955586447,0.0472838866759341
"2016-07-27",0.177679593162299,0.0222099491452873,0.00740331638176245,0.0888397965811494,-0.00185082909544061,0.0444198982905747,0.00555248728632184,0.0111049745726437
"2016-09-21",0.385234516148347,0.08255025346036,0.0183445007689689,0.151342131343993,-0.00458612519224222,0.110067004613813,0,0.0275167511534533
"2016-11-02",0.71386314420959,0.152970673759198,0.0339934830575995,0.288944605989596,-0.0509902245863992,0.237954381403197,0,0.0509902245863992
"2016-12-14",0.921418067195638,0.0658155762282598,0.0438770508188399,0.471678296302529,-0.0658155762282598,0.340047143846009,0,0.0658155762282598
"2017-02-01",1.00789928510649,0.0775307142389609,0.0452262499727272,0.465184285433765,0,0.264896606983116,0.0775307142389609,0.0775307142389609
"2017-03-15",0.592789439134395,0.0455991876257227,0.0208996276617896,0.262195328847905,0,0.218496107373255,0,0.0455991876257227
"2017-05-03",0.333345785401835,0.0303041623092577,0.0101013874364192,0.166672892700917,0,0.0959631806459827,0,0.0303041623092577
"2017-06-14",0.592789439134395,0.0423421027953139,0.0282280685302093,0.282280685302093,0.0141140342651046,0.197596479711465,0,0.0282280685302093
"2017-07-26",0.679270657045248,0.056605888087104,0.037737258724736,0.349069643203808,0,0.2358578670296,0,0
"2017-09-20",0.852233092866955,0.0655563917589965,0.0437042611726644,0.404264415847145,0,0.338708024088149,0,0
"2017-11-01",0.921418067195638,0.0708783128612029,0.0472522085741353,0.437082929310751,0,0.366204616449548,0,0
"2017-12-13",0.281457054655323,0.0216505426657941,0.0144336951105294,0.144336951105294,0,0.101035865773706,0,0
"2018-01-31",0.437123246894859,0.0397384769904417,0.0264923179936278,0.205315464450616,0,0.165576987460174,0,0
"2018-03-21",0.575493195552224,0.0411066568251589,0.0479577662960187,0.294597707246972,0,0.191831065184075,0,0
"2018-05-02",0.765751874956102,0.0765751874956102,0.0510501249970734,0.472213656222929,0,0.165912906240489,0,0
"2018-06-13",2.01108141287239,0,0.0837950588696829,1.45803402433248,0,0.469252329670224,0,0
"2018-08-01",2.08026638720107,0,0.099060304152432,1.57505883602367,0,0.406147247024971,0,0
"2018-09-26",2.27052506660495,0,0,1.7731719567772,0,0.497353109827751,0,0
"2018-11-08",2.13215511794759,0,0,1.76495062541217,0,0.367204492535417,0,0
"2018-12-19",1.97648892570805,0,0,1.54354373245771,0,0.432945193250334,0,0
"2019-01-30",0.990603041524321,0.0762002339634093,0.0381001169817046,0.4127512673018,0.16383050302133,0.177800545914622,0,0.121920374341455
"2019-03-20",0.00471715734059201,0.000336939810042287,0.000168469905021143,0.00182509063772905,0.000724420591590916,0.00112313270014096,0,0.000539103696067659
"2019-05-01",0.056605888087104,0.0037737258724736,0.0056605888087104,0.0194975836744469,0.00880536036910507,0.0106922233053419,0,0.00817640605702614
"2019-06-19",0.73115938779176,0.09139492347397,0.0685461926054775,0.275272805225172,0.0868251773002715,0.136004350407694,0,0.073115938779176
"2019-07-31",0.194975836744469,0.0121859897965293,0.00609299489826467,0.0792089336774407,0.0284339761919018,0.0385889676890096,0,0.0304649744913233
"2019-09-18",0.160383349580128,0.0178203721755698,0.0222754652194622,0.0549461475413402,0.023760496234093,0.0282155892779855,0,0.0133652791316773
"2019-10-11",0.0911983752514454,0.0130283393216351,0,0,0.0390850179649052,0,0.0195425089824526,0.0195425089824526
"2019-10-30",0.194975836744469,0.0114691668673217,0.0172037503009826,0.059257362147829,0.0420536118468463,0.0363190284131855,0.0114691668673217,0.0172037503009826
"2019-12-11",0.575493195552224,0.038366213036815,0.038366213036815,0.185436696344606,0.104867648967294,0.108704270270976,0.038366213036815,0.0613859408589039
"2020-01-29",0.108494618833616,0.006780913677101,0.013561827354202,0.0327744161059882,0.0158221319132357,0.0192125887517862,0.006780913677101,0.013561827354202
"2020-03-03",-0.202837765645456,-0.0289768236636366,0,-0.00965894122121219,-0.0724420591590915,-0.00965894122121219,-0.0386357648848488,-0.0434652354954549
"2020-03-15",0.229568323908811,0.0478267341476689,0.00717401012215034,0.0581891932129972,0.0438411729686965,0.0366671628465462,-0.00956534682953378,0.0454353974402855
"2020-03-23",0.834936849284784,0.166987369856957,0,0,0.242131686292587,0.0834936849284784,0,0.342324108206762
"2020-04-29",0.316049541819664,0.0632099083639328,0.0237037156364748,0.0821728808731127,0.0474074312729496,0.0679506514912278,0,0.0316049541819664
"2020-06-10",0.419827003312688,0.104956750828172,0.0204082571054779,0.0909625173844158,0.0408165142109558,0.07521900476019,0,0.0874639590234767
"2020-07-29",0.264160811073152,0.0609601871707274,0.0118533697276414,0.057912177812191,0.0287867550528435,0.0538481653341426,0,0.0508001559756062
"2020-09-16",0.21227208032664,0.028302944043552,0.014151472021776,0.0533038779486896,0.0169817664261312,0.0457564262037424,0,0.0537755936827488
"2020-11-05",0.125790862415787,0.0167721149887716,0.0125790862415787,0.0232014257344673,0.0142562977404558,0.0271149192318474,0,0.031867018478666
"2020-12-16",0.333345785401835,0.0416682231752294,0.0208341115876147,0.0618078643765902,0.035417989698945,0.0715304497841437,0,0.102087146779312
"2021-01-27",0.177679593162299,0.0222099491452873,0.0111049745726437,0.0384972451851647,0.0188784567734942,0.0381270793660766,-0.00555248728632184,0.054414375405954
"2021-03-17",0.489011977641371,0.0611264972051714,0.0305632486025857,0.0876146459940789,0.0519575226243957,0.123271769363762,-0.0152816243012928,0.14975991815267
"2021-04-28",1.30193542600339,0.153168873647458,0.076584436823729,0.155721688208249,0.130193542600339,0.308890561855707,0.102112582431639,0.375263740436272
"2021-06-16",0.886825580031296,0.0886825580031296,0.0886825580031296,0.149282305971935,0.119721453304225,0.178843158639645,0.0443412790015648,0.217272267107668
"2021-07-28",0.800344362120443,0.160068872424089,0.0400172181060222,0.123386422493568,0.0800344362120443,0.16340364059959,0.0533562908080295,0.1800774814771
"2021-09-22",0.869529336449126,0.173905867289825,0.0434764668224563,0.0905759725467839,0.0652147002336844,0.177528906191697,0.101445089252398,0.217382334112281
"2021-11-03",0.558196951970054,0.0826958447363042,0.0413479223681521,0.0585762233548822,0.0396250922694791,0.12059810690711,0.0275652815787681,0.187788480755358
"2021-12-15",0.610085682716566,0.11092466958483,0,0.140966767597388,0.0485295429433632,0.113235600201181,0.00924372246540251,0.187185379924401
"2022-01-26",0.385234516148347,0.0917225038448445,0.00917225038448445,0.08255025346036,0.0321028763456956,0.0550335023069067,0,0.114653129806056
"2022-03-16",1.09438050301734,0.364793501005782,0.141864139280026,0.192529903308607,0.151997292085742,0.172263597697175,-0.0202663056114323,0.0911983752514454
"2022-05-04",0.627381926298736,0.188214577889621,0.0418254617532491,0.130704567978903,0.104563654383123,0.0731945580681859,-0.0104563654383123,0.0993354716639666
"2022-06-15",0.834936849284784,0.263664268195195,0.0219720223495996,0.135494137822531,0.17943818252173,0.109860111747998,-0.0146480148997331,0.139156141547464
"2022-07-27",0.45441949047703,0.108195116780245,0.0108195116780245,0.0667203220144845,0.120817880404607,0.0540975583901226,-0.00721300778534968,0.100982108994895
"2022-09-21",0.540900708387883,0.150250196774412,0.0150250196774412,0.0926542880108873,0.12270432736577,0.0751250983872059,-0.0100166797849608,0.0951584579571275
"2022-11-02",0.71386314420959,0.169967415287997,0.0815843593382388,0.126909003415038,0.147305093249598,0.0917824042555187,-0.0113311610191998,0.107646029682398
"2022-12-14",0.71386314420959,0.169967415287997,0.0815843593382388,0.126909003415038,0.147305093249598,0.0917824042555187,-0.0113311610191998,0.107646029682398
"2023-02-01",0.402530759730518,0.0958406570786946,0.0460035153977734,0.0747557125213818,0.0862565913708252,0.0421698891146257,-0.00958406570786947,0.0670884599550862
"2023-03-22",0.45441949047703,0.113604872619257,0.0545303388572435,0.0848249715557122,0.0795234108334802,0.0348388276032389,0,0.0870970690080973
"2023-05-03",0.385234516148347,0.0856076702551882,0.0392368488669613,0.067772738952024,0.0749067114732897,0.0249689038244299,0.0107009587818985,0.0820406839945554
"2023-06-14",0.160383349580128,0.030071878046274,0.0233892384804353,0.0317425379377337,0.025059898371895,0.0116946192402177,0.005011979674379,0.0334131978291934
"2023-07-26",0.385234516148347,0.0856076702551882,0.0392368488669613,0.067772738952024,0.0749067114732897,0.0249689038244299,0.0107009587818985,0.0820406839945554
"2023-09-20",0.333345785401835,0.066669157080367,0.0296307364801631,0.0703729991403874,0.0555576309003058,0.0259268944201427,0.0111115261800612,0.0740768412004078
"2023-11-01",0.4717157340592,0.09434314681184,0.0419302874719289,0.115308290547804,0.0786192890098667,0.0366890015379378,0,0.104825718679822
"2023-12-13",0.264160811073152,0.049530152076216,0.0220134009227627,0.0605368525375974,0.04127512673018,0.0357717764994894,0,0.0550335023069067
"2024-01-31",0.229568323908811,0.0286960404886013,0.00717401012215034,0.0322830455496765,0.0394570556718268,0.0502180708550524,0.0286960404886013,0.043044060732902
"2024-03-20",0.177679593162299,0.0222099491452873,0.00555248728632184,0.0249861927884483,0.0305386800747701,0.0388674110042529,0.0222099491452873,0.033314923717931
"2024-05-01",0.00471715734059201,0.000471715734059201,0,0.000471715734059201,0.000786192890098669,0.000943431468118403,0.000471715734059201,0.00157238578019734
"2024-06-12",0.0220134009227627,0.0025898118732662,0.0012949059366331,0.0025898118732662,0.00291353835742447,0.00517962374653239,0.00323726484158275,0.00420844429405757
"2024-07-31",0.229568323908811,0.0270080381069189,0.0135040190534595,0.0270080381069189,0.0303840428702838,0.0472640666871081,0.0405120571603784,0.0438880619237432
"2024-09-18",0.21227208032664,0.031840812048996,0.015920406024498,0.047761218073494,0.034494213053079,0.02653401004083,0.015920406024498,0.039801015061245
"2024-11-07",0.125790862415787,0.0209651437359645,0.00698838124532149,0.0262064296699556,0.0244593343586252,0.0174709531133037,0.00349419062266074,0.0262064296699556
