"Date","Standardized_score","None","Global","Finance","Policy","Growth","Other","Prices"
"1994-03-25",0.400867423756957,0.085208534518387,0.0244651777139914,0.0366332146508975,0.0394412231747988,0.16192849154498,0.0158152204219733,0.0373755617319289
"1994-05-20",0.639743789662792,0.116638370491006,0.0321050060189891,0.0429992103728651,0.0727364100382554,0.244545816131773,0.0416144835554131,0.0891044930544897
"1994-07-08",0.28142924080404,0.0503217847795303,0.0200355254214797,0.0146172803407207,0.0234391240921939,0.123603438558116,0.0114932471410038,0.0379188404709953
"1994-08-19",0.0425528748982053,0.00832039453316864,0.00211971955964058,0.00252385300839449,0.00198897050269079,0.0192557702053331,0.00190180446472426,0.00644236262425343
"1994-09-30",0.838807427917654,0.120691716247144,0.0331902219679647,0.0462651578947387,0.0701520600686527,0.428958474828392,0.0462651578947387,0.0932846390160221
"1994-11-18",1.15730924912543,0.236185561046007,0.0492053252179181,0.0557660352469738,0.065432148023116,0.53076144135061,0.0360839051598066,0.183874833081002
"1994-12-22",1.51562379798419,0.225295429430082,0.107186007334918,0.0955798791521559,0.174774636163942,0.62698693940258,0.106161937201145,0.179638969299364
"1995-02-03",2.15262744039974,0.436153272237857,0.0797269422370275,0.0855892174015149,0.232732324030147,0.908418159488955,0.155936519375363,0.25407100562888
"1995-03-31",0.44068015140793,0.10782599449343,0.0317841117308531,0.0265937300083433,0.0288540575326621,0.173007143028045,0.014203786541707,0.05841132807289
"1995-05-26",-0.0370725804037395,-0.00677670824584485,-0.00277712161447367,-0.00425869606430054,-0.00264092306639542,-0.0149884841202216,-0.00259109432929362,-0.00303955296320982
"1995-07-07",-0.156510763356657,-0.0194289223477229,-0.0126827687547636,-0.00980440988843425,-0.0105239996050166,-0.0822970772531325,-0.00543290236019659,-0.0163406831473904
"1995-08-25",-0.275948946309574,-0.0563161114917498,-0.0150176297311333,-0.0151349549634078,-0.0244036483130916,-0.115823469301365,-0.0151349549634078,-0.0341181775454184
"1995-09-29",0.28142924080404,0.052265430435036,0.020772158249822,0.007705800641063,0.023787471544151,0.111834619738558,0.0209396756550625,0.0441240845403477
"1995-11-17",0.560118334360847,0.0800169049086924,0.0560118334360847,0.0226714563907962,0.0348073536352812,0.263227039683559,0.0298062970784879,0.0735774492279452
"1995-12-22",-0.315761673960547,-0.0412919112102253,-0.0161929063569511,-0.010930211790942,-0.020038721616727,-0.176502679290767,-0.0133591477444847,-0.0374460959504494
"1996-02-02",0.201803785502095,0.0257944688235761,0.0041726346626373,0.00771305195214774,0.00809238237602386,0.110871474404202,0.015931877802797,0.0292278954807112
"1996-03-29",-0.395387129262491,-0.0741350867367171,-0.037282834655599,-0.0373764395630949,-0.0254137323851246,-0.153858386450937,-0.0105773545470316,-0.0567432949239873
"1996-05-24",1.07768379382349,0.170160599024761,0.0608166585403314,0.0429452940395826,0.079948471922745,0.519620051466355,0.0630224440832449,0.141170274746469
"1996-07-05",1.87393834684294,0.246570835110913,0.107943232259666,0.117179854019377,0.131660998303668,0.870590739080499,-0.00821902783703043,0.408211715905844
"1996-08-23",0.599931062011819,0.0984961445094032,0.0283549506921009,0.0205200301061257,0.0430547540772164,0.282877942299354,0.0124612546462654,0.114165985681354
"1996-09-27",0.241616513153068,0.0253122061398452,0.0118890665202303,0.0134231396196149,0.0144586389616994,0.116359444588319,0.00897432763139965,0.0511996896919595
"1996-11-15",0.28142924080404,0.0317401399403053,0.0119907195330042,0.0172807428563884,0.0180566129438181,0.131933181685202,0.00835823685094705,0.0620696069943747
"1996-12-20",-0.395387129262491,-0.0569357466137988,-0.0213509049801745,-0.0226688620777162,-0.0105436567803331,-0.220889609547979,0.00184513993655829,-0.0648434891990486
"1997-02-06",1.15730924912543,0.199208969111755,0.0861657842586559,0.0709879580406174,0.0237153534656851,0.533595452977915,0.0973910515657469,0.146244679705058
"1997-03-27",1.23693470442738,0.244021132165945,0.103077892035615,0.15723289130498,0.0799379570888442,0.446879267105642,0.0382159531696667,0.167569611556685
"1997-05-22",1.19712197677641,0.205755339758445,0.0707005631745738,0.056115092661394,0.0625322948163947,0.522703383418719,0.0964402241843006,0.182875078762579
"1997-07-03",0.838807427917654,0.106415867720896,0.0417317128317241,0.0344286630861724,0.0709439118139309,0.408866456468817,0.0283775647255724,0.148043251270541
"1997-08-21",1.23693470442738,0.167404696839796,0.0496013916562357,0.0573516091025226,0.0737377831318147,0.593290217252466,0.00387510872314342,0.2916738977214
"1997-10-02",0.639743789662792,0.0913919699518274,0.0424703860364374,0.039039987164296,0.0228479924879569,0.280806307675517,0.0355711883047799,0.127615958041978
"1997-11-13",1.03787106617252,0.189524281648894,0.0669351629632999,0.0992746237208493,0.0475314865087703,0.375889825270307,0.0451248289640224,0.213590857096373
"1997-12-18",1.07768379382349,0.190179493027674,0.062185675497938,0.144596789143264,0.0772792860556899,0.434295422859992,0.0297344127987713,0.139412714440159
"1998-02-05",1.47581107033321,0.245968511722202,0.109623003372488,0.153600177756682,0.0523821830519505,0.636036830113404,0.0362771019272825,0.241923262389205
"1998-04-02",0.28142924080404,0.0542514199140318,0.016671009244416,0.0376651785132314,0.0148949210924686,0.0883361661754964,0.0100308614945215,0.0595796843698742
"1998-05-21",0.28142924080404,0.0553631293384997,0.0208380667371297,0.0275662248164613,0.0133409763058746,0.102668946103628,0.00941942131106418,0.0522324761913821
"1998-07-02",0.719369244964737,0.0749342963504934,0.0570333255556533,0.0860911804737891,0.0611963420195696,0.263685462824459,0.0187335740876234,0.15769506365315
"1998-08-20",0.28142924080404,0.0346688195193383,0.0286867487003152,0.0160088372486356,0.0146832647376021,0.130338252431036,0.0048944215792007,0.0521488965879122
"1998-10-01",-0.196323491007629,-0.0257943272856739,-0.01397192727974,-0.0136375563704813,-0.00847869091334652,-0.0851929309518508,-0.00422740363848545,-0.0450206545680512
"1998-11-19",-0.236136218658602,-0.0364505572426029,-0.0239532233308534,-0.0422237821474873,-0.00901830557037485,-0.0815949119890317,-0.00150556649480316,-0.0413898718834484
"1998-12-23",-1.03239077167805,-0.182556904747948,-0.09022927476048,-0.131192166441608,-0.0324195882569632,-0.384688466113369,-0.0271737001894934,-0.184130671168189
"1999-02-04",-0.156510763356657,-0.0267539766421636,-0.00923012194154643,-0.0077998131902923,-0.0140458377371359,-0.0638013742975493,-0.0103414409712978,-0.0245381985766715
"1999-04-01",-0.395387129262491,-0.0539164267176125,-0.0370568456646448,-0.0543871256810202,-0.031408458103752,-0.121311960114628,-0.0237061114298074,-0.0736002015510265
"1999-05-20",1.39618561503127,0.196158309549848,0.0946175375475735,0.106925509911486,0.084617310001895,0.546825629310948,0.0917328565247817,0.275308462184737
"1999-07-01",1.6350619809371,0.286852979111772,0.0736255979720216,0.149402593287381,0.0669323617927469,0.712488161450955,0.0322709601500744,0.313489327172151
"1999-08-26",1.39618561503127,0.15175930598166,0.144171340682577,0.0641965953081147,0.0801373446308708,0.58566074903493,0.0671372792958179,0.303123000097299
"1999-10-07",0.28142924080404,0.0601676307925879,0.0142008547945947,0.0253609798609618,0.00895120590209237,0.11126390526829,0.00614615583365145,0.0553385083518617
"1999-11-18",1.59524925328613,0.224331926243362,0.0614835649704029,0.0668841483799654,0.105934520726032,0.701660413750071,0.0452818147417157,0.389672864474581
"1999-12-23",1.91375107449391,0.297694611587941,0.102775520667266,0.117242242939793,0.12852846722527,0.806984508848254,0.126638342707251,0.333887380518134
"2000-02-03",1.6350619809371,0.293472663245121,0.0585780752429746,0.0753479417141243,0.106808078119823,0.599755641155704,0.0885076285977349,0.412591952861621
"2000-03-23",2.23225289570169,0.287003943733074,0.122242420478902,0.246762650035051,0.159598489345747,0.858012715914181,0.0106297756938176,0.548002900500916
"2000-05-18",1.71468743623905,0.29617328444129,0.0641708782956128,0.186450608597104,0.0537788332274974,0.807461901792569,0.0575026493769054,0.249149280508068
"2000-06-29",1.87393834684294,0.295885002133095,0.0890394682344963,0.0890394682344963,0.0904093062073347,0.916421603828893,0.130134607419648,0.263008890784974
"2000-08-24",1.83412561919196,0.291403135759471,0.0942774850986524,0.10541936970122,0.0671369969641918,0.703938555403271,0.157700520528655,0.414249555736503
"2000-10-05",1.79431289154099,0.187975636256675,0.0019936809906011,0.0675003421103516,0.0885763982967061,0.871808216032853,0.0988296148197975,0.477629003034007
"2000-11-16",0.0823656025491778,0.00805750459720217,0.00171595005310787,0.00649076759219064,0.00462560449098643,0.0386511532252211,0.000298426096192673,0.0225261964942769
"2000-12-21",-0.435199856913464,-0.0278527908424617,-0.0168277278006539,-22806876083516.2,-0.0208895931318463,-11403438041758.2,-0.0290133237942309,34210314125274.1
"2001-02-01",-0.594450767517353,-0.086992795246442,-0.0210577798017181,-0.0448197007255147,-0.0215755940591374,-0.300245966926956,-0.0298030872603551,-0.0899558434972302
"2001-03-22",-0.992578044027078,-0.164414768029025,-0.0603869055415247,-0.125340887972744,-0.0404947484219636,-0.414183128596575,-0.0669837943821954,-0.120773811083049
"2001-05-17",-0.594450767517353,-0.0921629096926129,-0.0437183033157267,-0.0448703396868843,-0.0130180109940816,-0.28959831219373,-0.040569403901229,-0.0705134877330886
"2001-06-28",-0.634263495168326,-0.111928852088528,-0.0242837092863008,-0.0321287225800057,-0.0192322194263225,-0.315747584696423,-0.0223469062329527,-0.108595500857793
"2001-08-23",-1.62958168644264,-0.172834421289371,-0.0974030720319136,-0.101665145346022,-0.0993797922413881,-0.791606634073021,-0.156374000214192,-0.210318621246729
"2001-10-04",-1.86845805234847,-0.31832989040011,-0.0692021500869804,-0.145324515182659,-0.0715088884232131,-0.899627951130745,-0.138404300173961,-0.226060356950803
"2001-11-08",-1.43051804818777,-0.138437230469785,-0.0807550511073744,-0.121517124523478,-0.108827045063747,-0.59758737819457,-0.105750662164419,-0.277643556664401
"2001-12-13",-2.06752169060333,-0.341739122413774,-0.0547189428150627,-0.0569565204022957,-0.131203413069574,-0.958903704201507,-0.220706516558896,-0.303293471142225
"2002-01-31",-1.74901986939555,-0.289208009900052,-0.105583876630178,-0.0275436199904812,-0.183624133269874,-0.838604858638757,-0.120503337458355,-0.183952033507856
"2002-03-21",-1.54995623114069,-0.23758453178069,-0.0678812947944828,-0.192330335251035,-0.087680005776207,-0.679190066249242,-0.0593961329451725,-0.225893864343862
"2002-05-09",0.480492879058902,0.0680343899552428,0.0347258865396552,0.0240246439529451,0.0240955131091485,0.266538896480904,0.0116934107735574,0.051380138247449
"2002-06-27",-0.0768853080547119,-0.013652531336818,-0.0040957594010454,-0.002474735160239,-0.00473048234916063,-0.0359106056089987,-0.00371253045123999,-0.0123086637472102
"2002-08-15",-0.594450767517353,-0.0963974217595708,-0.0191902274799146,-0.0629260947597199,-0.0314184189438601,-0.282051715518744,-0.0299010521198669,-0.0725658369356769
"2002-09-26",-0.594450767517353,-0.0524515383103547,-0.0210291815633181,-0.0682928048245237,-0.0202590597706661,-0.284509701637208,-0.066244350236411,-0.0816641311748717
"2002-11-07",-0.116698035705684,-0.0154803516752438,-0.00600359792533495,-0.00570589885465719,-0.00446548606016649,-0.0617229406538568,-0.00992330235592554,-0.0133964581804995
"2002-12-12",-1.27126713758388,-0.171792856430255,-0.0362673808019427,-0.116437380469395,-0.0792155949095063,-0.631815949760159,-0.0963948805525318,-0.139343094660095
"2003-01-30",-1.07220349932902,-0.149877908508358,-0.0451555237172617,-0.134890117657522,-0.00576453494262915,-0.552626749833381,-0.0820485473500883,-0.101840117319782
"2003-03-20",-1.31107986523486,-0.182094425727064,-0.0722307888717352,-0.131411477233031,-0.0714214803129483,-0.604250002704306,-0.120384648119559,-0.129287042266215
"2003-05-08",-0.912952588725133,-0.110356906329412,-0.0387921246491265,-0.0682206330036363,-0.0815972277102317,-0.459318820737718,-0.0401297841197861,-0.114537092175223
"2003-06-26",-1.19164168228194,-0.126039024087513,-0.0448775313038872,-0.0954841091572067,-0.0225342497611008,-0.646236450775975,-0.085935698241486,-0.170534618954771
"2003-08-14",-0.594450767517353,-0.103382742176931,-0.00538451782171516,-0.0376916247520061,-0.0730140616624576,-0.270087413937232,-0.0402043997354732,-0.0646860074315381
"2003-09-18",0.480492879058902,0.0559797529000663,0.0186599176333554,0.0304001158110082,0.0335878517400398,0.21953911426688,0.041855231913707,0.0804708947938453
"2003-10-30",0.958245610870571,0.117520688125636,0.0244081429184013,0.0229014674296111,0.0617736950403985,0.471438760442456,0.110288645779443,0.149914211134626
"2003-12-11",0.480492879058902,0.0815931304062287,0.0196427906533513,0.0334305187081076,0.0151098389641164,0.217954030686321,0.0249312342907921,0.0878313353499853
"2004-01-29",0.918432883219599,0.115838381667337,0.0457837413256617,0.0788804218020436,0.0246255063068318,0.460359065102436,0.0202914171968294,0.172654349818459
"2004-03-18",0.560118334360847,0.135680838758218,0.0367034063820307,0.081060603668371,0.0268296847825315,0.19767323175373,0.00625390923458207,0.0759166597813836
"2004-05-06",0.201803785502095,0.0233491983225565,0.011313242520572,0.00889493269430722,0.0164000321551289,0.0873927137215684,0.0113966325145811,0.0430570335733809
"2004-07-01",2.0730019850978,0.374075546183062,0.0480583166971294,0.098844267585177,0.105190192029354,0.882473159767868,0.0954671966821355,0.468893306153074
"2004-08-12",2.23225289570169,0.276725565582854,0.215230995453331,0.164190502245827,0.0765607398112563,0.960545185423151,0.0842475610774466,0.454752346107823
"2004-09-23",0.0425528748982053,0.00509179699636645,0.00260651512909235,0.00223069201745578,0.0025822684767287,0.0196034184360108,0.00152753909890993,0.00891064474364128
"2004-11-11",0.361054696105985,0.0591892944436041,0.0202230089348981,0.00937163828690398,0.0152905677312644,0.177814505390994,0.00197297648145347,0.077192704836867
"2004-12-16",0.878620155568626,0.14797813146419,0.0345282306749776,0.0485553243866872,0.0416188494743034,0.371244541421841,0.0228132952673959,0.211881782879231
"2005-01-04",1.67487470858807,0.279145784764679,0.0465242974607799,0.101467277319225,0.129751096251731,0.748450404388895,-0.0417241715322867,0.411260019935052
"2005-02-23",0.0823656025491778,0.0138323912678008,0.00508235588248743,0.0153518584904002,0.004013489284521,0.0266692695276918,0.00339522331118748,0.014021014785089
"2005-04-12",2.19244016805072,0.265214536457748,0.0294682818286387,0.106675180219672,0.155297845236926,0.950352088973597,0.0206277972800471,0.664804438054088
"2005-05-24",0.241616513153068,0.0280447738481239,0.0115055482453842,0.0070471483002978,0.01433570765753,0.0964308762316261,0.005357270901757,0.0788951879683486
"2005-07-21",0.520305606709874,0.075599959949298,0.0292764550784046,0.0437293885981234,0.0329823354680761,0.163175207672077,0.00793058403389695,0.167611675909998
"2005-08-30",0.998058338521544,0.0887162967574706,0.0631047468007008,0.0748543753891158,0.0840956563013523,0.458367533246931,0.0147860494595784,0.214133680566395
"2005-10-11",1.47581107033321,0.228218206752559,0.0202860628224497,0.0431078834977055,0.0715083714491351,0.592425484639896,0.0451364897799505,0.475128571391517
"2005-11-22",0.599931062011819,0.0999885103353032,0.0192570464349473,0.024534217813755,0.0130540555159979,0.268765412503135,0.00786946609120442,0.166462353317477
"2006-01-03",0.998058338521544,0.213177509198776,-0.000484494339088128,0.0466729546654897,0.0325995476729298,0.399345790021794,0.0484494339088128,0.25829759739283
"2006-02-21",0.759181972615709,0.136901667192997,0.0346402703351976,0.11086960774948,0.0276914735913107,0.223946828963436,0.031336258237358,0.19379586654593
"2006-04-18",1.15730924912543,0.18172624573044,0.0326788424339826,0.0504795127029,0.0792262667789725,0.46499601648745,0.0407821326310271,0.307420232360661
"2006-05-31",1.27674743207835,0.232135896741518,0.0528063106377283,0.059723491399218,0.0409461928974623,0.481820161867663,0.0341755625758346,0.375139815958926
"2006-07-20",0.44068015140793,0.0516111889036314,0.0344074592690876,0.0317607316330039,0.0123734516986911,0.145106842648287,0.0189902707889003,0.146430206466329
"2006-08-29",1.15730924912543,0.169605665820107,0.0424014164550266,0.0723318280703396,0.0427339765840857,0.371469664158939,0.0374130145191412,0.421353683517794
"2006-10-11",-0.0370725804037395,-0.00593161286459832,-0.00113194945499418,-0.000682135479428806,-0.00170533869857202,-0.0159080207873418,-0.0015429254891842,-0.0101705976296202
"2006-11-15",-0.0370725804037395,-0.00554629155646496,-0.0012162920079967,-0.0022866289750338,-0.00134278637682836,-0.0153690658130463,-0.00024325840159934,-0.01106825727277
"2007-01-03",-0.315761673960547,-0.0494235663590421,-0.0116694531681072,-0.0202270521580524,-0.00352371723115392,-0.155501183785208,-0.0145067319776077,-0.060909969281375
"2007-02-21",-0.395387129262491,-0.0634571935853381,-0.025423555122331,-0.0547114906232563,-0.0114711080711957,-0.151373299972937,-0.0167069076518175,-0.0722435742356157
"2007-04-11",-0.475012584564436,-0.0588858575906326,-0.0123660300940328,-0.0143467362129905,-0.0209371938100027,-0.190724749862993,-0.0356586582076608,-0.142093358786123
"2007-05-30",0.361054696105985,0.0369583547195103,0.0172946147084888,0.0177684397689953,0.00379060048405233,0.188108549021097,0.0208483026622878,0.0762858347415532
"2007-07-19",0.798994700266682,0.0544769113818192,0.0216004814780004,0.0850084819538784,0.0237117835566368,0.277704159561982,0.0746662615928062,0.261826620741559
"2007-08-28",0.241616513153068,0.0282179869375845,0.00930801652455045,0.0400048752313047,0.00668917458207919,0.0843334291158931,0.0187727996431986,0.0542902311184569
"2007-10-09",-1.03239077167805,-0.175193585496881,-0.090203840151668,-0.19730134747625,-0.0610049092355212,-0.299236900942441,-0.0668968363668151,-0.142553352008474
"2007-11-20",-0.674076222819298,-0.11234603713655,-0.0240741508149749,-0.106728735279722,-0.0244085140207385,-0.224123656823301,-0.0257459668437926,-0.156649161900219
"2008-01-02",-0.475012584564436,-0.0753988229467359,-0.0323377173971556,-0.0823343178511222,-0.0160431939936666,-0.159312925659599,-0.029345700613555,-0.0802399061026017
"2008-02-20",-1.70920714174458,-0.170920714174458,-139956084484725,-0.361930161638252,-0.106954931748562,46652028161574.5,-0.0755639737448768,93304056323149.8
"2008-04-08",-1.43051804818777,-0.139383809823424,-0.11199611385812,-0.250157258683093,-0.0694473719120219,-0.374563422275491,-0.0935950056314309,-0.391375066004194
"2008-05-21",-0.833327133423188,-0.0894302289527324,-0.0615417939184368,-0.149278268534943,-0.0414939016841982,-0.236785434872084,-0.0487801248833086,-0.206017380577485
"2008-07-16",0.0425528748982053,0.00607898212831504,0.00195337959056523,0.00652303729902149,0.00227759197074204,0.0116201190759439,0.00158864066286633,0.0125111241707512
"2008-08-26",-0.594450767517353,-0.0805384910829963,-0.0463415920914066,-0.0984359335458843,-0.0316401214968914,-0.150849872187199,-0.0113457001327237,-0.175299056980252
"2008-10-07",-1.98789623530139,-0.205202192031111,-0.0824473092982143,-0.354187533537032,-0.142145268438218,-0.650020693715218,-0.101959839165458,-0.451933399116138
"2008-11-19",-1.74901986939555,-0.296572934375768,-0.189096930807114,-0.405803807378598,-0.099306111425101,-0.499689322107022,-0.0273759631731478,-0.231174800128804
"2009-01-06",-3.22209079248153,-0.393649101343898,-185394817895646,-0.660992678631455,-0.281848406472878,61798272631880.7,-0.103448863164617,123596545263763
"2009-02-18",-2.06752169060333,-0.470294633484878,-0.160546672050835,-0.608506454654579,-0.0847417688637847,-0.496214631789704,-0.0365291743618758,-0.210688355397677
"2009-04-08",-2.22677260120722,-0.418226326115062,-0.207991384828189,-0.547179443333873,-0.0902217971324385,-0.764393386581921,-0.0528434614753491,-0.14591680174039
"2009-05-20",-1.78883259704653,-0.324348767596348,-0.130513893444187,-0.326805955229654,-0.0949367949231735,-0.598958100676085,-0.0836039477174425,-0.229665137459636
"2009-07-15",-0.475012584564436,-0.0649589859233417,-0.0373514169059215,-0.0909667465820844,-0.0256114335124842,-0.162329799198017,-0.0287143850722153,-0.0650798173703717
"2009-09-02",-0.554638039866381,-0.0968000352596986,-0.0342849030932678,-0.115157159063452,-0.0155664921566272,-0.207079818029178,-0.0238947834785202,-0.0618548487856375
"2009-10-14",0.0425528748982053,0.00699758387214932,0.00173993977361551,0.00848896082096261,0.00146435925046522,0.015908245934828,0.00186332059607168,0.00609046465011297
"2009-11-24",-0.275948946309574,-0.05079657220624,-0.016955072074245,-0.0476324099220933,-0.0162620943839153,-0.101908580012088,-0.0100906704247531,-0.0323035472862398
"2010-01-06",0.400867423756957,0.0791185704783468,0.0202631449947322,0.0757863809492059,0.018038196835513,0.127795329077406,0.0124873383987782,0.0673784630229752
"2010-02-17",-0.355574401611519,-0.0597868462886625,-0.0313749831510459,-0.0796764616000443,-0.0323620654816889,-0.10477307668218,0.00304178691644072,-0.0506427553243376
"2010-04-06",-1.03239077167805,-0.145749285413372,-0.0728746427066859,-0.204453858704869,-0.0761279749703772,-0.312912726749085,-0.0542511229038662,-0.166021160229795
"2010-05-19",-0.514825312215409,-0.0772237968323113,-0.0392957021514098,-0.0836306996869387,-0.0427381489089525,-0.157913486566723,-0.0197863061589341,-0.0942371719101396
"2010-07-14",-1.23145440993291,-0.177613616817247,-0.133210212612935,-0.252310010112056,-0.0530021586692737,-0.353211460046806,-0.0223990505652861,-0.239707901109308
"2010-08-31",-1.27126713758388,-0.158117803182075,-0.113581288619124,-0.192376660538192,-0.121449531682232,-0.498399636497681,-0.0361035650599072,-0.151238652004673
"2010-10-12",-0.514825312215409,-0.0784794683255196,-0.0411494012253474,-0.0874784473601792,-0.0369974636391735,-0.180323395506808,-0.0128183131598349,-0.0775788229985458
"2010-11-23",-0.275948946309574,-0.0268873332301636,-0.0173419929994552,-0.0646037252324759,-0.0157011244176143,-0.0907700197018306,-0.00990585961111291,-0.0507388911169216
"2011-01-04",-0.355574401611519,-0.0497804162256127,-0.0279676198981822,-0.0670257747037713,-0.0215164843260875,-0.127964454294241,-0.00805545340793715,-0.0532641987556874
"2011-02-16",0.639743789662792,0.0742559755858598,0.0366519879494308,0.132769956347428,0.0364479880165026,0.207127931899752,0.0313479896932979,0.121141960170521
"2011-04-05",0.480492879058902,0.0700718781960899,0.0344520067797442,0.0716985467970706,0.0135257792096194,0.165091966766927,0.00938462654411918,0.116268074765332
"2011-05-18",1.27674743207835,0.142580931501136,0.0921452416081203,0.17174521294455,0.112691400730822,0.371373947882882,0.0531438017413324,0.333066895669509
"2011-07-12",-0.912952588725133,-0.116010549948498,-0.0790216789504259,-0.121727011830018,-0.0378295271571188,-0.299525789468476,-0.0470767449066367,-0.21176128646396
"2011-08-30",-1.66939441409361,-0.276695206755847,-0.0568762369442574,-0.187691581916049,-0.136041809988291,-0.586593838322395,-0.0760911818578579,-0.349404558308911
"2011-10-12",-1.70920714174458,-0.246304959290704,-0.139217391853057,-0.329152991052122,-0.164203306193803,-0.525868196453886,-0.0279891999193982,-0.276471096981611
"2011-11-22",-1.07220349932902,-0.142960466577203,-0.0875174651161724,-0.184473986679429,-0.0910914767806024,-0.379028519079046,-0.0203443740898327,-0.166787211006737
"2012-01-03",-1.70920714174458,-0.257299999832518,-0.141055535622469,-0.323616011694113,-0.1208391070642,-0.552122916307278,-0.0245047618888112,-0.289768809335193
"2012-02-15",-1.3907053205368,-0.197730614294332,-0.13188318115314,-0.305655959112339,-0.128943376781886,-0.427427677899581,-0.0159282994848212,-0.183136211810703
"2012-04-03",0.0823656025491778,0.00889174118428624,0.00505035299721521,0.0136301032627546,0.00377119023035298,0.0323027597497557,0.00175494891795123,0.0169645062068619
"2012-05-16",0.321241968455012,0.0382827216293538,0.0142866678544328,0.0476156211570068,0.0239960537749211,0.115256355398188,0.019890370585686,0.0619141780554239
"2012-07-11",-1.94808350765042,-0.298355131802316,-0.145479466578398,-0.367187833603628,-0.109616260434233,-0.691043136159776,-0.0372943914752895,-0.299107287596776
"2012-08-22",-1.58976895879166,-0.199807027607696,-0.0977316982863728,-0.23020210287369,-0.121487223256087,-0.59131955281699,-0.0372104391994042,-0.312010914751424
"2012-10-04",-0.156510763356657,-0.0232759596786823,-0.0103556999588489,-0.021368489344019,-0.0106295607197519,-0.051854445273394,-0.0158362961739576,-0.0231903122080032
"2012-11-14",-0.275948946309574,-0.0337597115165968,-0.0137974473154787,-0.042273030072956,-0.0256378099053576,-0.0884113024789717,-0.0153875786550286,-0.0566820663651847
"2013-01-03",-1.58976895879166,-0.221037395340017,-0.0631940245651588,-0.220187251511787,-0.140557112934165,-0.5239075746308,-0.120720423608779,-0.300165176200957
"2013-02-20",0.161991057851123,0.0255391307422941,0.0129706977194838,2628983307299.73,-7886949921899.11,2628983307299.76,2628983307299.71,0.0256607456505908
"2013-04-10",-0.275948946309574,-0.0380133752569311,-0.0229253503864332,-0.0385268128210275,-0.0295835573180098,-0.0830070431426115,-0.0173230705453268,-0.0465697368392342
"2013-05-22",0.241616513153068,0.0323091848983753,0.0125724871669765,0.039960040017944,0.0171788872602774,0.0883853540501517,0.00775537499825132,0.0434551847610912
"2013-07-10",0.00274014724723299,0.00029728012587905,0.00013829988464808,0.000348227046002525,0.000249833786947992,0.00100396668598501,0.000122412631544037,0.000580127086226292
"2013-08-21",0.838807427917654,0.117727358304232,0.0476982669954845,0.101132418599435,0.0697582213566053,0.314399157735069,0.0214890162032885,0.166602988723539
"2013-10-09",-0.275948946309574,-0.0449219214922562,-0.00709324427539944,-0.0494113831000579,-0.030647919447159,-0.0914177170277841,-0.0105437384547809,-0.0419130225121365
"2013-11-20",-0.475012584564436,-0.0833355411516555,-0.0101391575067847,-0.0777442249290871,-0.0467426913510888,-0.173681595668996,-0.00622701682494315,-0.0771423571318807
"2014-01-08",-0.0370725804037395,-0.00612359587026054,-0.00206484185071848,-0.00412692532491883,-0.00263376985716396,-0.0133886113702802,-0.0009231138310381,-0.00781172229935939
"2014-02-19",0.599931062011819,0.112136647105013,0.0303503175230056,0.103962241520413,0.048265481858116,0.178216590874468,0.0280206187029314,0.0989791644278725
"2014-04-09",-0.793514405772216,-0.112762573451841,-0.0517698543239549,-0.0900012391810066,-0.0446873902198037,-0.342011669540507,-0.00222740885830797,-0.150054270196794
"2014-05-21",-0.275948946309574,-0.0490575904550354,-0.0196911717243128,-0.0442297006007303,-0.0153304970171986,-0.0887611443173547,-0.00918856456141933,-0.0496902776335229
"2014-07-09",0.44068015140793,0.0866911773261501,0.0205585757164329,0.0403259224334605,0.0293786767605286,0.172847223928065,0.0163348653572885,0.0745437098860044
"2014-08-20",0.12217833020015,0.0218634906673953,0.00345100195828495,0.0130308241645799,0.00840243955060682,0.0444358606190346,0.00688056912179793,0.0241141441184507
"2014-10-08",-0.315761673960547,-0.041500105720529,-0.01157792804522,-0.0447350518496758,-0.020359109835361,-0.117699626959144,-0.0120462004596649,-0.0678436510909517
"2014-11-19",-1.27126713758388,-0.209759077701341,-0.0752166389737132,-0.147361049031599,-0.123900391856187,-0.423794235774555,-0.0132423660164988,-0.277993378229991
"2015-01-07",-1.11201622698,-0.202779429625764,-0.0710719105496751,-0.115241070489665,-0.0596345957017703,-0.350582442040672,-0.041646097912388,-0.271060680660061
"2015-02-18",-0.554638039866381,-0.0990425071189966,-0.0254209101605425,-0.100063500865223,-0.0612543844293096,-0.128957012509938,-0.0255309573906747,-0.114368767391696
"2015-04-08",-0.912952588725133,-0.161380508107978,-0.0588215484654794,-0.108124940432345,-0.0563294821157847,-0.278650343999775,-0.0218247925250789,-0.227820973078691
"2015-05-20",-1.66939441409361,-0.244507262670276,-0.0716659218171499,-0.236638063411922,-0.0487609311187275,-0.543677355903045,-0.0578948231150309,-0.466250056057457
"2015-07-08",-0.514825312215409,-0.0586847506152279,-0.0244837352404441,-0.055782268901899,-0.0244329259325521,-0.197152816947825,-0.02289594436882,-0.13139287020864
"2015-08-19",-0.912952588725133,-0.118683836534267,-0.0534721013024458,-0.127530781858342,-0.0461041057306192,-0.348332378419927,-0.0100424784759765,-0.208786906403555
"2015-10-08",-0.753701678121243,-0.0785850090932102,-0.0411635761916815,-0.108454116445521,-0.0364348678523065,-0.27360247690696,-0.0137740253541474,-0.201687606277417
"2015-11-18",-0.952765316376105,-0.153671825221952,-0.0453697769702907,-0.106532493900621,-0.0473455575802873,-0.342082796388019,-0.0128791624947922,-0.244883703820143
"2016-01-06",-0.435199856913464,-0.0499751031862351,-0.0238596412781504,-0.059952771357098,-0.0240505184083756,-0.142533158879075,-0.00530985471353748,-0.129518809090993
"2016-02-17",-1.3907053205368,-0.183454744411238,-34114341928043.4,-68228683856087,-0.0914314774565685,-0.397077746863019,-0.0565722579732043,102343025784130
"2016-04-06",-0.395387129262491,-0.0484543050566779,-0.0200894485389535,-0.0444604956701881,-0.030687726535896,-0.144061990494876,-0.0143747771668144,-0.093258385799086
"2016-05-18",-0.0768853080547119,-0.00900748378883654,-0.00396490134633609,-0.0128356643990921,-0.00308291855867918,-0.0309417791341522,-0.00287917785393168,-0.0141733829736842
"2016-07-06",-0.753701678121243,-0.118438835133338,-0.0381978061360766,-0.0947510681066706,-0.0323613180844121,-0.283885753388501,-0.0264194371299113,-0.159647460142333
"2016-08-17",-0.435199856913464,-0.0664427262463304,-0.0258296098282609,-0.0711767704913814,-0.0254143427892214,-0.14836532996332,-0.0176626913938162,-0.0803083862011335
"2016-10-12",-0.0370725804037395,-0.00589003613891188,-0.00214813082713257,-0.00369282167728838,-0.00396711257591418,-0.0148232576162616,0.000678509065021712,-0.00722973063325262
"2016-11-23",-0.116698035705684,-0.0196264878232287,-0.00366007475622374,-0.018256169979715,-0.012447790475273,-0.0344436020537384,-0.00486241815440351,-0.023401492463102
"2017-01-04",1.27674743207835,0.16705106587941,0.0197875964940492,0.162505458644596,0.154721106254978,0.446785410651612,0.0450441266924839,0.280852667461221
"2017-02-22",1.03787106617252,0.166239088521139,0.0652498633691694,0.185789248791061,0.0698760441583063,0.300455708884889,0.0692935168737376,0.180967595574214
"2017-04-05",1.15730924912543,0.205503511526946,0.0763427518698787,0.140968198257958,0.099326697238024,0.332462447846225,0.0422724328535692,0.260433209532833
"2017-05-24",-0.236136218658602,-0.0342066484972741,-0.0145286302757239,-0.0322125742876404,-0.0126895631522146,-0.0840532492606213,-0.0097207833671209,-0.0487247698180065
"2017-07-05",0.00274014724723299,0.000478233245979342,0.000142177451507372,0.000462846075902787,0.000188277413056732,0.000748370403843349,4.4161178119714e-05,0.000676081478823692
"2017-08-16",0.161991057851123,0.0185614753787745,0.00822610840650233,0.0323901762994978,0.0113759345313853,0.0527877110393329,0.00323419646751374,0.0354154557281162
"2017-10-11",-0.0768853080547119,-0.0126229610239079,-0.00398452052522346,-0.01105465374518,-0.00277322628555553,-0.0261384546454659,-0.00188069368790547,-0.0184307981414737
"2017-11-22",0.759181972615709,0.129060935344671,0.0154367001098527,0.113560970070433,0.041755008493864,0.228703569250482,0.0249897399319338,0.205675049414472
"2018-01-03",0.400867423756957,0.069423967242825,0.0186037036643791,0.0511289642170064,0.0207211094079603,0.127314597992084,0.00242610638214173,0.111248974850561
"2018-02-21",0.798994700266682,0.123738117297937,0.0467258700082211,0.146069901324565,0.0472561762252123,0.219900311312334,0.026338542110561,0.18896578198785
"2018-04-11",0.361054696105985,0.0581209998609634,0.0168198651112788,0.0533362912865508,0.03358102214189,0.125987541112755,0.00205478282336739,0.0711541937691794
"2018-05-23",0.798994700266682,0.204767485997994,0.0529986434347748,0.108272481158416,0.0555415076399787,0.224909647202372,0.00428271866139595,0.14822221617175
"2018-07-05",1.07768379382349,0.22956577856595,0.046975960243588,0.102666917636439,0.104203153275832,0.400155567554183,0.0100966430387802,0.184019773508716
"2018-08-22",0.0823656025491778,0.0180302811550439,0.0080180113924324,0.00743066132450294,0.00892635510213726,0.027569353603792,0.00114055187609558,0.0112503880951738
"2018-10-17",1.15730924912543,0.216572491064409,0.0730932157342379,0.141223311881583,0.128025925707346,0.446342368303055,0.0143253678985312,0.137726568536272
"2018-11-29",1.19712197677641,0.162110267688472,0.119712197677641,0.243358389946622,0.122473416522884,0.365327067540806,0.0342925566264075,0.149848080773574
"2019-01-09",-0.315761673960547,-0.0665576077465858,-0.0329683440349668,-0.0508727141380881,-0.0215542747353619,-0.0939154354482498,-0.00920971549051594,-0.0406835823667783
"2019-02-20",-0.435199856913464,-0.0699116236005564,-0.0450347375360251,-0.100298211429798,-0.0337614882304354,-0.124650760317325,-0.0187887488426495,-0.0427542869566736
"2019-04-10",-1.51014350348972,-0.265295480342789,-0.130607005707219,-0.223743859169442,-0.0865044664536529,-0.575090309418289,-0.01156416196366,-0.217338220434669
"2019-05-22",-0.514825312215409,-0.103405084077454,-0.0412729816335491,-0.0782305129957991,-0.0408120065880164,-0.143919456984212,-0.0295547864419957,-0.0776304834943825
"2019-07-10",-1.66939441409361,-0.253871039931286,-0.160784991956481,-0.17395478111309,-0.144409760376498,-0.541390066901084,-0.0685964678602213,-0.326387305954949
"2019-08-21",-0.634263495168326,-0.109176503266679,-0.0958203301346216,-0.0779398926098237,-0.0696866688509735,-0.176495824470288,-0.0100480755699237,-0.0950962002660161
"2019-10-09",-0.713888950470271,-0.118981491745045,-0.0743464583970257,-0.0690260050323933,-0.0836224259352757,-0.208508508829101,-0.0076412011743977,-0.151762859357032
"2019-11-20",-1.47033077583875,-0.323884052020423,-0.145490772574254,-0.178010998717289,-0.143829828717739,-0.410454159494217,-0.0683755220932005,-0.200285442221624
"2020-01-03",-0.713888950470271,-0.0971961481860932,-0.08518627930103,-0.0460843806054752,-0.0820980273020137,-0.25581419724151,-0.0111719710558728,-0.136337946778276
"2020-02-19",-0.674076222819298,-0.114620248414618,-0.0699092546878044,-0.107888583031537,-0.0647695371993712,-0.192079884545607,-0.0234698603896598,-0.101338854550702
"2020-04-08",-1.19164168228194,-0.238328336456388,-0.106420222459345,-0.248837954070958,-0.0862285161762348,-0.312935981861957,-0.0465071267668368,-0.15238354449022
"2020-05-20",-1.23145440993291,-0.206197017477139,-0.128968597505377,-0.254405116470637,-0.0587088730316854,-0.335070153400351,-0.0763692657322737,-0.17173538631545
"2020-07-01",-0.912952588725133,-0.118896151089785,-0.0851381367625066,-0.166525383044205,-0.0760086108752553,-0.252088148917746,-0.0796179583190523,-0.134678199716584
"2020-08-19",-0.793514405772216,-0.167242946508045,-0.0413362885518112,-0.167327669378617,-0.0530195724036144,-0.22198239318426,-0.055035976723215,-0.0875695590226524
"2020-10-07",-0.116698035705684,-0.0226502516559556,-0.00500603388048294,-0.0205857023202342,-0.0119406217968896,-0.0312925611151977,-0.00682790194846198,-0.0183949629884623
"2020-11-25",-0.873139861074161,-0.119766972094243,-0.0683747151676701,-0.205043866007681,-0.0696006499609263,-0.235523314400999,-0.0860905600483888,-0.0887397833942523
"2021-01-06",0.0823656025491778,0.0101435471119677,0.00457812092986809,0.0159955935227183,0.00401684465633921,0.0234045443696802,0.0127470575373728,0.0114798944212316
"2021-02-17",-0.674076222819298,-0.0819465212054833,-0.044674071237828,-0.143979156612645,-0.058155595694214,-0.182969840089447,-0.0674076222819298,-0.0949434156977508
"2021-04-07",0.679556517313764,0.132891052274692,0.0319499429251329,0.0970507381763658,0.0706235402808305,0.180215511961907,0.0622027923255456,0.104622939369291
"2021-05-19",0.560118334360847,0.114098179221654,0.0187570491599234,0.111418600770236,0.0382488214436226,0.123884197298836,0.0537027036185036,0.100008782848071
"2021-07-07",0.639743789662792,0.0847149310512373,0.0291633584480983,0.107159519105617,0.0532632957299159,0.183889824471565,0.0367584901975196,0.144794370658839
"2021-08-18",0.28142924080404,0.0440095109076277,0.01262929573665,0.0517442651742878,0.023915694743224,0.0572702714311102,0.0355936570673971,0.0562665457437432
"2021-10-13",0.639743789662792,0.0866942518701914,0.0357240106844409,0.0887370474602362,0.0411548574969989,0.184482710684691,0.0518338620856068,0.151117049380627
"2021-11-24",0.679556517313764,0.0833418370290466,0.0310929161223751,0.152686519377574,0.048669495854783,0.1473975181815,0.0659255300601561,0.15044270068833
"2022-01-05",0.918432883219599,0.156997074054632,0.0637800613346944,0.120560669784453,0.0729382239878812,0.266175455970124,0.0389221912760443,0.199059206811769
"2022-02-16",0.361054696105985,0.0812706142526386,0.0252027724526625,0.0664598219831004,0.0320641439838279,0.0763991600313582,0.0214279078562285,0.0582302755461686
"2022-04-06",1.75450016389002,0.254156565797152,0.167897367708422,0.291596834092002,0.156729882241577,0.395358798613195,0.0535641794583246,0.435196535979347
"2022-05-25",1.3563728873803,0.23528917434148,0.147863098777342,0.220987283352096,0.158358841358261,0.282116333548657,0.0522480372434757,0.259510118758985
"2022-07-06",0.958245610870571,0.116859220837875,0.0936431889647502,0.170458650128846,0.111639508973783,0.230218229775415,-0.0151137925616984,0.250540604751601
"2022-08-17",0.400867423756957,0.0337012435901867,0.0225167665507534,0.073453840196102,0.0564189868655358,0.0978055930049927,-0.00588975849518107,0.122860752044568
"2022-10-12",1.03787106617252,0.103787106617252,0.0971600078180981,0.140069349305532,0.17480096319852,0.260820705611532,-0.017174295023569,0.27840722864515
"2022-11-23",1.03787106617252,0.13934380055094,0.0713536357993605,0.149960471069106,0.163105465061966,0.231999419652915,0.0166571899509169,0.265451084087311
"2023-01-04",-0.196323491007629,-0.0156277405777217,-0.015342859890107,-0.0312473417072259,-0.024906711545744,-0.0550947622063699,-0.000325577928702536,-0.0537784971517582
"2023-02-22",-0.116698035705684,-0.0135067170955653,-0.0112375886235103,-0.0196297621788883,-0.0141493093937483,-0.0298858626934542,-0.0016797444533394,-0.0266090512671786
"2023-04-12",0.00274014724723299,0.000346282344430542,0.000191333541759629,0.000525236710592172,0.000279786097130474,0.000700594424384112,3.81412437343786e-05,0.000658772885201679
"2023-05-24",-0.554638039866381,-0.0751612297015189,-0.0268679798128418,25466790175032,-8488930058344.08,-0.119068413135465,-16977860116688.1,-0.0969985242018895
"2023-07-05",0.599931062011819,0.0728240017470995,0.0134666606405351,0.0885158402187959,0.0817956455409792,0.176829795717464,0.0369321723146004,0.129566945832346
"2023-08-16",0.241616513153068,0.0260836008517516,0.0139831634641345,0.0504054146284288,0.0313460817253506,0.0649464228559758,0.00617769493857275,0.0486741346888534
"2023-10-11",0.719369244964737,0.110357781897999,0.0437343802336516,0.0963246318541797,0.109233767452742,0.163152399781302,0.00497777825756849,0.191588505487294
"2023-11-21",0.838807427917654,0.106515228941924,0.0372063612206861,0.204117204350861,0.0768906808924516,0.196683328997623,0.0204154188805355,0.196979204633573
"2024-01-03",-0.753701678121243,-0.0832819533835628,-0.0237353567143154,-0.106982609283968,-0.0997648399907262,-0.197499682367728,-0.048581139473745,-0.193856096907197
"2024-02-21",-0.0370725804037395,-0.0048928278705443,-0.00167754098418662,-0.00645208070841006,-0.0034312523656253,-0.00944557732041615,-0.00214957341656925,-0.00902372773798781
"2024-04-10",0.28142924080404,0.0525746933370185,0.0180145640404784,0.0449719803299496,0.0404618963427054,0.0654348756777891,0.00779600232080788,0.0521752287552911
"2024-05-22",0.480492879058902,0.0580815568093178,0.0225286038533112,0.0793781276394011,0.0473012678560732,0.119507203253112,0.0355529529560067,0.118143166691681
"2024-07-03",-0.315761673960547,-0.0231045127288205,-0.0190933126022891,-0.0455672334373959,-0.0423483996127825,-0.0773927123490073,-0.0261962223648085,-0.0820592808654427
"2024-08-21",-0.514825312215409,-0.0666244521690529,-0.0192302396033403,-0.0733373704557832,-0.0507254351741653,-0.133804108106181,-0.0458295474011364,-0.125274159305749
"2024-10-09",-0.554638039866381,-0.0616264488740423,-0.0218936068368308,-0.0656422074472882,-0.0590586801709573,-0.199262712665724,-0.0216233153944008,-0.125531068477138
"2024-11-26",0.759181972615709,0.110991516464285,0.0285284001028201,0.129530680085319,0.126530328769285,0.194201737011843,0.0344073701039283,0.134991940078229
